CREATE DATABASE  IF NOT EXISTS `demojsp` /*!40100 DEFAULT CHARACTER SET utf8mb4 COLLATE utf8mb4_0900_ai_ci */ /*!80016 DEFAULT ENCRYPTION='N' */;
USE `demojsp`;
-- MySQL dump 10.13  Distrib 8.0.33, for Win64 (x86_64)
--
-- Host: localhost    Database: demojsp
-- ------------------------------------------------------
-- Server version	8.0.33

/*!40101 SET @OLD_CHARACTER_SET_CLIENT=@@CHARACTER_SET_CLIENT */;
/*!40101 SET @OLD_CHARACTER_SET_RESULTS=@@CHARACTER_SET_RESULTS */;
/*!40101 SET @OLD_COLLATION_CONNECTION=@@COLLATION_CONNECTION */;
/*!50503 SET NAMES utf8 */;
/*!40103 SET @OLD_TIME_ZONE=@@TIME_ZONE */;
/*!40103 SET TIME_ZONE='+00:00' */;
/*!40014 SET @OLD_UNIQUE_CHECKS=@@UNIQUE_CHECKS, UNIQUE_CHECKS=0 */;
/*!40014 SET @OLD_FOREIGN_KEY_CHECKS=@@FOREIGN_KEY_CHECKS, FOREIGN_KEY_CHECKS=0 */;
/*!40101 SET @OLD_SQL_MODE=@@SQL_MODE, SQL_MODE='NO_AUTO_VALUE_ON_ZERO' */;
/*!40111 SET @OLD_SQL_NOTES=@@SQL_NOTES, SQL_NOTES=0 */;

--
-- Table structure for table `comment`
--

DROP TABLE IF EXISTS `comment`;
/*!40101 SET @saved_cs_client     = @@character_set_client */;
/*!50503 SET character_set_client = utf8mb4 */;
CREATE TABLE `comment` (
  `id` int NOT NULL,
  `datetime` datetime(6) DEFAULT NULL,
  `text` varchar(255) DEFAULT NULL,
  `post_id` int DEFAULT NULL,
  `user_id` int DEFAULT NULL,
  PRIMARY KEY (`id`),
  KEY `FKs1slvnkuemjsq2kj4h3vhx7i1` (`post_id`),
  KEY `FK8kcum44fvpupyw6f5baccx25c` (`user_id`),
  CONSTRAINT `FK8kcum44fvpupyw6f5baccx25c` FOREIGN KEY (`user_id`) REFERENCES `user` (`id`),
  CONSTRAINT `FKs1slvnkuemjsq2kj4h3vhx7i1` FOREIGN KEY (`post_id`) REFERENCES `post` (`id`)
) ENGINE=InnoDB DEFAULT CHARSET=utf8mb4 COLLATE=utf8mb4_0900_ai_ci;
/*!40101 SET character_set_client = @saved_cs_client */;

--
-- Dumping data for table `comment`
--

LOCK TABLES `comment` WRITE;
/*!40000 ALTER TABLE `comment` DISABLE KEYS */;
INSERT INTO `comment` VALUES (1,'2023-08-01 14:43:09.492000','dolor dolor lorem ipsum ',138,39),(2,'2024-03-25 03:03:47.706000','tempor do et adipiscing ut adipiscing sit ut ipsum ipsum ipsum adipiscing adipiscing tempor dolor adipiscing tempor ',137,55),(3,'2024-03-24 17:56:19.911000','laboris nostrud eiusmod minim adipiscing do aliqua ut ex irure cillum pariatur ut labore enim enim nisi exercitation fugiat adipiscing laboris exercitation sed in quis labore consectetur pariatur nostrud aliquip magna ad aute dolore do esse dolore ut lor',104,22),(4,'2025-03-26 14:08:50.653000','tempor dolor aliquip ex ad ullamco amet quis tempor ut ipsum aliquip ut ad ut magna ea dolore magna et tempor sit ut exercitation eiusmod do dolor nisi ut eiusmod magna ea quis quis ',128,58),(5,'2024-11-24 09:55:21.761000','eiusmod eiusmod consequat dolor sit do adipiscing ullamco reprehenderit sit sit consectetur exercitation dolor ipsum ea do ad veniam aliquip amet eiusmod ex laboris eiusmod sed aliquip ut eiusmod dolore minim quis enim sed sed veniam commodo sed enim nos',86,34),(6,'2024-05-26 08:32:54.823000','ut ex ut enim ullamco sit ad ut ullamco do consequat ea ullamco consequat commodo aliqua ullamco consectetur ex commodo ad consequat aliqua sit sit consequat eiusmod dolor aliqua ex aute nostrud elit ea laboris adipiscing ut eiusmod ut ',170,10),(7,'2025-05-27 17:54:58.137000','ut consequat dolor labore aute cillum et nulla incididunt amet voluptate nostrud labore irure adipiscing sit dolor nisi ullamco incididunt nostrud adipiscing enim commodo dolor quis in amet ad sed incididunt nulla consectetur aute laboris quis minim exer',162,47),(8,'2023-07-12 22:24:47.092000','in ipsum ut ullamco labore quis et velit lorem ut sit aute ut labore sed ut ea quis magna ut consectetur adipiscing quis do ullamco eu ut ea commodo sit nisi aliqua adipiscing tempor labore ipsum ut in do dolor sed exercitation esse dolor in consectetur ',114,8),(9,'2024-03-25 06:26:55.208000','aliquip ea aliqua sed ad laboris ex exercitation incididunt ut incididunt et labore nostrud minim duis consequat tempor do eiusmod nisi ullamco et dolore veniam ipsum dolore nostrud incididunt eiusmod minim nisi labore consequat ipsum labore dolor ',98,15),(10,'2025-05-08 20:30:19.870000','ipsum ipsum ',124,57),(11,'2024-03-17 11:23:44.136000','dolor amet sit lorem consectetur dolor ipsum consectetur ',94,13),(12,'2025-02-21 12:46:15.201000','incididunt labore dolore ipsum laboris laboris ipsum lorem ipsum ea ullamco sed tempor enim laboris dolor veniam sit eiusmod et et labore magna amet ad tempor nostrud sit ut magna quis nostrud quis nostrud commodo minim ',105,26),(13,'2024-07-05 01:34:13.292000','lorem ',105,19),(14,'2024-04-14 02:18:43.046000','ad eu ipsum esse duis occaecat aliqua ipsum consectetur magna cillum ut ea proident in quis voluptate velit nisi et magna ea aliquip labore duis minim ea cillum magna aliquip duis velit magna dolore cupidatat eu sint aliquip aliquip laboris voluptate lor',165,8),(15,'2023-12-23 09:12:17.473000','lorem ',139,5),(16,'2024-04-21 12:05:46.151000','sed amet dolore ipsum tempor ut ut sit et quis magna aliqua nisi sed magna et sit ut dolor exercitation ullamco amet incididunt consectetur quis sit dolor ut incididunt adipiscing nostrud ',87,48),(17,'2023-12-08 23:10:41.227000','sed tempor adipiscing lorem do adipiscing ipsum dolor sit do incididunt elit eiusmod ',159,49),(18,'2023-07-31 05:07:20.842000','pariatur nulla aliquip ut in consectetur sit adipiscing voluptate ut sit excepteur do enim exercitation adipiscing in et aliqua consectetur irure tempor duis irure dolore pariatur cillum aliqua nulla eiusmod enim amet pariatur eiusmod ullamco nostrud vel',159,33),(19,'2025-05-17 06:15:46.945000','do adipiscing nostrud enim nisi ipsum adipiscing elit adipiscing nisi adipiscing tempor duis ipsum aliquip ad ullamco aliquip consectetur aute ullamco labore quis ea quis eiusmod nostrud ut reprehenderit ut ullamco aliqua duis ut consequat aliqua ut ut s',93,22),(20,'2023-07-05 10:19:52.666000','ad sed do adipiscing nostrud minim veniam sit sit labore dolor sed consectetur ut adipiscing sit ipsum veniam ut do consectetur lorem consectetur tempor tempor lorem ',115,20),(21,'2023-09-22 00:43:51.345000','sit sit sit sit ',157,42),(22,'2025-03-25 20:54:42.646000','eiusmod ipsum sit adipiscing eiusmod lorem consectetur sed ipsum amet sit consectetur sed ',128,50),(23,'2024-09-02 18:12:34.627000','elit lorem adipiscing do elit do adipiscing labore aliqua ipsum enim consectetur ad magna elit sed ut sit sed enim ut veniam ipsum ut ',126,30),(24,'2024-04-30 03:11:21.464000','incididunt amet elit dolor tempor consectetur tempor amet lorem tempor dolor tempor ipsum ',75,29),(25,'2024-11-16 16:45:59.684000','laboris dolor consectetur veniam nostrud ad labore tempor dolor enim dolore ut dolore dolore consequat sed dolor dolor quis ut nisi aliqua enim adipiscing veniam aliquip dolor veniam aliquip ad sit elit ad nisi consequat aute magna ut ipsum laboris ',89,30),(26,'2023-11-21 18:22:55.576000','dolor sed lorem sed sit adipiscing adipiscing sed lorem sed ',122,2),(27,'2025-06-22 22:37:55.749000','consectetur lorem amet lorem lorem sit ',129,56),(28,'2023-12-26 08:57:30.485000','nostrud sit tempor irure ut eiusmod commodo dolor eiusmod tempor ea amet ipsum ullamco incididunt quis enim amet ad duis aliquip ut do aliqua tempor ad commodo dolor sit ut minim nisi enim ex reprehenderit irure magna dolor nisi aliqua irure eiusmod veni',116,32),(29,'2023-10-13 16:52:38.860000','consectetur veniam do consectetur ut tempor tempor ipsum consectetur quis tempor sit minim ut sit elit amet sit labore lorem aliqua ut et adipiscing eiusmod dolore ut lorem ',87,9),(30,'2024-06-28 21:39:45.471000','elit lorem adipiscing elit ipsum consectetur dolor amet ',115,24),(31,'2024-09-23 21:27:40.514000','elit dolor sit ut elit lorem enim minim sed amet lorem do ad lorem aliqua quis adipiscing incididunt labore eiusmod ut lorem quis adipiscing elit do ',170,17),(32,'2025-05-21 08:25:11.885000','dolore aliqua exercitation eiusmod consectetur aliqua consectetur sit exercitation dolor dolore enim minim nostrud ut quis tempor elit amet minim incididunt veniam ut aliqua consectetur veniam exercitation ',81,46),(33,'2023-11-30 04:29:39.053000','dolor consectetur ipsum amet consectetur lorem dolor lorem ',66,8),(34,'2025-03-13 15:09:54.095000','ipsum lorem ',99,21),(35,'2025-02-07 14:15:27.607000','in amet irure voluptate incididunt cillum veniam ut velit ex aliqua do amet ut adipiscing sit amet nostrud aliqua elit reprehenderit ut dolor lorem sed dolore ullamco labore minim dolore nisi aute elit consectetur magna duis magna eiusmod veniam sit inci',173,34),(36,'2024-01-05 20:44:31.427000','elit ipsum sit lorem sit consectetur sit dolor sit ',62,32),(37,'2024-01-13 02:55:03.245000','ipsum dolor sit lorem consectetur dolor ',171,14),(38,'2024-09-15 08:15:10.419000','ut adipiscing tempor elit do do sit ipsum consectetur sed sed tempor sed incididunt ',128,58),(39,'2025-01-20 01:32:59.561000','amet consectetur lorem ut tempor consectetur et et ipsum lorem magna magna magna dolore magna et eiusmod et ',165,49),(40,'2024-03-19 06:30:19.798000','lorem ipsum ',140,1),(41,'2024-02-04 10:43:52.603000','ipsum minim nostrud adipiscing ullamco elit eiusmod magna tempor ea eiusmod elit sed exercitation aliquip ipsum amet ut aliqua duis elit adipiscing lorem enim aliqua ullamco eiusmod ut consectetur ut consequat sed ipsum ipsum exercitation enim dolore iru',177,16),(42,'2024-08-11 17:22:44.599000','eiusmod ut eiusmod ad cillum in ut ipsum labore exercitation in ex et exercitation dolore sit amet amet amet laboris nostrud esse lorem reprehenderit aliquip minim tempor dolor ut tempor ea dolor ut do et ut aliqua incididunt ut veniam veniam aute sed si',104,5),(43,'2024-10-05 17:22:46.110000','',174,14),(44,'2024-03-14 10:17:25.582000','ut enim sit aliquip ut tempor lorem et sed ut ipsum adipiscing ullamco ipsum aliquip adipiscing et dolore minim incididunt aliquip nostrud nostrud elit tempor aliquip do ut ipsum veniam consectetur et ',108,57),(45,'2024-02-01 17:51:10.928000','et magna ut elit amet tempor magna ipsum sit adipiscing lorem amet dolore et ipsum dolor do magna elit ',108,43),(46,'2025-03-22 19:31:20.519000','lorem lorem dolor ',113,35),(47,'2024-10-12 06:40:54.714000','lorem ',149,36),(48,'2023-10-31 13:26:42.346000','magna laboris enim eu pariatur veniam nostrud in duis sit sed nostrud aliquip nulla pariatur sit irure ea dolore ut in consequat in consectetur reprehenderit dolor duis ex cillum aliqua ipsum nostrud duis dolore velit aliquip voluptate laboris exercitati',63,49),(49,'2025-01-27 18:35:50.148000','excepteur fugiat amet et proident ut labore non eiusmod voluptate ut consequat fugiat lorem irure eiusmod in reprehenderit dolor elit in elit labore ullamco magna proident excepteur ut reprehenderit nisi dolor proident ut ut ea commodo consectetur consec',166,8),(50,'2023-10-05 22:14:52.306000','eiusmod eiusmod ad do ut sit reprehenderit labore quis aute ut veniam aute quis lorem commodo adipiscing tempor nisi aute ut et aliquip tempor lorem reprehenderit consectetur et tempor laboris sit duis consequat nostrud esse exercitation ea lorem sit in ',82,44),(51,'2024-04-03 04:06:49.620000','amet elit sit amet amet sit dolor ipsum ',102,24),(52,'2025-06-30 11:52:27.653000','velit aute ut dolore ad lorem dolor ipsum amet magna et dolore irure adipiscing ex magna minim velit et reprehenderit ad duis veniam velit eiusmod magna incididunt ut magna nostrud dolor cillum irure in dolore minim sed dolor dolore in ea sed commodo lor',99,18),(53,'2025-03-14 18:59:01.246000','minim eiusmod incididunt magna sit ut labore ipsum ut incididunt ut ex enim quis adipiscing dolor minim ut dolor consectetur tempor elit incididunt ullamco ullamco lorem tempor sed do laboris laboris aliqua labore lorem ',83,47),(54,'2024-11-24 16:42:37.131000','sit adipiscing labore ad tempor et labore elit sit adipiscing amet dolor eiusmod amet enim consectetur incididunt incididunt et aliqua tempor dolore adipiscing consectetur lorem ',91,1),(55,'2023-11-10 06:05:02.715000','lorem lorem ',76,7),(56,'2023-09-21 18:00:36.760000','ut ut enim sed exercitation duis irure lorem aliqua dolor nisi ullamco dolor duis ipsum aliquip aliqua consequat consectetur dolor duis nostrud lorem do reprehenderit aute reprehenderit amet enim ullamco minim exercitation dolor magna in sed ex et ut ad ',98,56),(57,'2025-04-18 09:14:17.914000','lorem incididunt enim aliqua et minim exercitation ut dolor adipiscing eiusmod sit aliqua ad consectetur nisi lorem et nisi adipiscing dolor ut elit do nostrud et eiusmod et consectetur aliqua ',98,24),(58,'2025-01-15 16:45:02.873000','do elit ut dolor consectetur velit quis esse irure in et enim nostrud dolore ea labore eiusmod velit ut ipsum incididunt dolor veniam dolore ad ullamco et ut nisi voluptate velit elit elit magna consectetur ipsum et veniam enim lorem quis in voluptate au',114,19),(59,'2025-06-06 14:21:37.739000','ex tempor consectetur nostrud ut eiusmod ea dolore quis ut ad minim amet aliquip ex labore ut ex dolor incididunt laboris do ut et et laboris ut ea laboris magna labore eiusmod ullamco ex ',100,52),(60,'2024-03-13 06:56:00.129000','elit ut sed lorem lorem tempor incididunt do ut amet tempor tempor lorem incididunt amet eiusmod labore adipiscing ',159,27),(61,'2024-10-28 12:41:21.458000','dolor velit do ut adipiscing magna nulla laboris in eu laboris dolor in in lorem irure quis eiusmod tempor dolor incididunt ea ea consectetur esse sit ut nisi veniam aliquip in cillum enim velit quis quis et consequat pariatur ut aute consectetur et nisi',145,60),(62,'2024-04-22 17:08:11.403000','elit sed consectetur lorem dolor elit consectetur consectetur elit eiusmod elit ',142,49),(63,'2023-11-05 10:59:09.377000','amet amet dolor dolor dolor sed adipiscing sit lorem ',160,56),(64,'2024-12-03 21:08:43.929000','ipsum incididunt tempor aliqua tempor sed dolor adipiscing lorem labore labore ipsum amet labore et eiusmod dolore et do ',101,59),(65,'2023-12-28 07:35:37.053000','',153,37),(66,'2024-08-26 13:04:09.370000','eiusmod tempor consectetur sit lorem tempor dolor tempor sit consectetur sed tempor ',128,50),(67,'2023-11-13 14:01:19.125000','dolore lorem tempor nisi veniam ea exercitation et ipsum labore ex ea elit aliqua veniam adipiscing minim adipiscing quis commodo elit laboris sed exercitation incididunt adipiscing ipsum exercitation tempor ipsum tempor nisi amet enim dolor ',155,49),(68,'2024-07-13 23:19:33.371000','minim dolor veniam minim elit ut incididunt exercitation ut consequat lorem labore elit ut do duis consectetur lorem amet sit tempor adipiscing ea incididunt nisi ut consectetur ut ad quis aliquip ut adipiscing commodo elit exercitation dolore ',171,43),(69,'2025-03-11 17:30:49.780000','aute sed ut ut exercitation dolor exercitation irure nisi tempor in ad dolor dolor ullamco aliquip aliquip ut sit voluptate ex in minim sit elit adipiscing consectetur ut ea nostrud commodo magna magna incididunt consectetur ut ullamco consequat dolore s',174,42),(70,'2023-11-13 13:05:55.746000','veniam ut dolor irure reprehenderit lorem in aute eiusmod do eiusmod ipsum magna quis ad ut sit incididunt magna dolor et ut consequat consectetur ut in nostrud consectetur et ex enim ipsum nostrud sit et ut dolor nisi quis exercitation dolore sed velit ',106,43),(71,'2024-02-16 09:58:58.320000','adipiscing sit consectetur eiusmod amet dolor adipiscing sed sit elit adipiscing elit ',171,3),(72,'2024-09-04 14:29:36.175000','nostrud nostrud excepteur cillum sint non consequat dolore consequat minim pariatur adipiscing adipiscing reprehenderit laboris occaecat ut ut exercitation fugiat irure sed duis ad esse ad voluptate minim aute dolore dolor dolor aliqua reprehenderit cill',104,15),(73,'2024-12-28 06:47:51.765000','dolor dolor amet adipiscing sit ipsum amet adipiscing ',155,36),(74,'2024-11-25 17:09:18.228000','adipiscing dolor sed sed consectetur consectetur ipsum adipiscing sit ',77,51),(75,'2024-01-09 19:17:07.146000','et et incididunt adipiscing adipiscing elit minim labore aliqua nostrud labore incididunt dolore ipsum incididunt magna do elit et ipsum ipsum dolor tempor enim et labore ',96,44),(76,'2023-11-15 01:52:40.016000','do ut incididunt lorem sed elit elit tempor consectetur incididunt do incididunt elit do lorem ',176,59),(77,'2023-11-06 16:03:01.586000','exercitation veniam ullamco nisi amet ut adipiscing sed veniam consectetur minim labore aliqua elit aliquip aliqua ut amet labore ipsum tempor aliqua et adipiscing adipiscing nisi sit laboris nisi dolor magna ipsum consectetur ',153,38),(78,'2024-01-13 18:15:00.117000','adipiscing adipiscing ipsum ipsum lorem adipiscing ipsum ',127,18),(79,'2025-06-12 22:58:11.369000','et dolore minim commodo dolor minim et elit dolor ut dolor eiusmod ad voluptate reprehenderit in consectetur in reprehenderit exercitation nostrud aliqua velit dolor irure amet veniam irure aliquip esse ut dolor dolore eiusmod eiusmod minim ut in magna d',155,8),(80,'2025-06-05 09:55:48.561000','consectetur incididunt lorem tempor dolor sed sit incididunt adipiscing ut adipiscing ipsum do do ',123,5),(81,'2025-02-25 00:55:53.283000','veniam nostrud sed ipsum et labore nostrud tempor eiusmod do exercitation ad tempor ut enim nostrud ut incididunt magna consectetur ipsum incididunt labore amet dolore sed ad ',97,37),(82,'2024-05-08 22:24:19.176000','cupidatat tempor sit aliqua lorem non adipiscing reprehenderit cupidatat lorem aute sed exercitation incididunt magna consectetur ut fugiat incididunt dolor nulla eiusmod sit dolor ullamco fugiat cupidatat lorem lorem sed eiusmod labore reprehenderit ex ',139,37),(83,'2025-01-26 23:28:30.951000','elit sit sit ipsum tempor do enim ad veniam aliqua do sed do sed dolor enim ut eiusmod sed enim adipiscing labore sit elit magna ',116,33),(84,'2025-06-01 16:01:48.759000','elit consectetur irure ut minim irure enim nisi in ea ex velit adipiscing reprehenderit ut veniam amet nostrud minim in consectetur in sed ad esse ea quis magna velit dolore exercitation incididunt elit dolor quis aliquip tempor lorem consequat ipsum lab',133,20),(85,'2024-03-09 06:20:43.697000','tempor ipsum veniam laboris commodo ut dolore ea aliqua ea ad dolor ullamco ex aliquip tempor aliqua dolore aliquip lorem enim sit dolor nostrud incididunt ad nisi ipsum et sit labore labore consectetur eiusmod commodo ',70,23),(86,'2024-03-19 20:46:31.340000','elit veniam enim consectetur aliqua ullamco labore dolore aliqua veniam minim ullamco quis minim amet ut dolor ut amet tempor nostrud ullamco ut veniam magna nostrud veniam exercitation ipsum ',122,9),(87,'2023-09-02 02:50:21.123000','et labore magna enim tempor et amet adipiscing amet et ut sed dolor dolor exercitation dolor magna sed eiusmod nostrud ut exercitation quis ut enim ut adipiscing ',70,32),(88,'2024-07-04 16:31:51.511000','nisi voluptate dolor magna aliquip amet do incididunt aliqua ullamco exercitation eu do exercitation tempor aliqua consectetur pariatur et dolore duis ut ex irure reprehenderit minim dolore consequat fugiat consectetur quis exercitation dolore laboris en',138,35),(89,'2023-12-17 15:23:27.031000','ut elit ipsum dolor consectetur ipsum incididunt incididunt dolor adipiscing sit dolor lorem ipsum ',104,41),(90,'2025-05-05 04:12:57.288000','exercitation ex dolor ut tempor elit laboris amet nostrud ex ad nisi minim aliqua dolore quis ex consectetur ipsum ut magna labore nisi nisi dolore ex do aliqua adipiscing ullamco ut adipiscing amet ',109,2),(91,'2024-01-08 00:35:05.887000','dolore enim et ipsum veniam do et veniam ad do veniam veniam quis veniam ad enim veniam labore magna amet aliqua minim ut sed tempor ',75,17),(92,'2024-04-08 17:33:07.272000','do veniam eiusmod ad sed labore enim dolore adipiscing tempor veniam tempor minim incididunt dolore ut do enim amet amet dolor amet et incididunt ',105,47),(93,'2024-06-09 05:00:19.057000','do ea nisi consectetur fugiat lorem quis minim et laboris consectetur veniam dolore dolore do veniam veniam incididunt esse ex commodo nulla adipiscing aliquip sit amet veniam labore dolore labore pariatur velit aliqua quis consequat reprehenderit et con',115,8),(94,'2025-02-16 14:48:11.026000','ipsum tempor ad aliqua lorem ipsum minim nostrud et minim amet do sed dolor ut exercitation nostrud enim labore ut veniam ut do ipsum enim tempor exercitation labore laboris ',116,31),(95,'2024-03-31 14:12:16.908000','adipiscing sed eiusmod laboris do magna nostrud ut ipsum ipsum minim lorem tempor lorem exercitation exercitation dolor enim et nostrud magna lorem adipiscing sit sit tempor quis ad et quis veniam ',100,15),(96,'2023-11-14 06:07:08.737000','lorem ipsum ',76,55),(97,'2023-10-05 03:55:01.238000','lorem ',150,28),(98,'2024-10-19 13:13:10.148000','lorem ',95,32),(99,'2024-05-17 20:15:23.235000','consectetur magna ut sed dolor incididunt eiusmod dolor tempor do tempor adipiscing amet ipsum incididunt tempor consectetur ipsum sed ',149,15),(100,'2024-03-14 21:39:55.078000','labore exercitation nisi dolor laboris ullamco ut aliqua consectetur nostrud ut laboris minim nisi consectetur lorem amet ut nostrud lorem consequat aliquip minim tempor aliqua ut et dolor ut ullamco incididunt sit consequat nisi veniam consectetur ',98,6),(101,'2024-03-06 12:33:30.045000','adipiscing eu ad ea adipiscing dolore esse do dolore eiusmod voluptate dolor incididunt enim dolore dolor ullamco esse aute consectetur nulla adipiscing esse dolore irure non reprehenderit duis voluptate in consectetur ut duis irure eiusmod voluptate ull',176,41),(102,'2023-08-16 16:54:28.222000','ut sit elit amet consectetur labore et ut magna consectetur labore elit sit et ut labore amet ad consectetur ipsum do labore ',174,50),(103,'2024-08-12 12:17:03.044000','nisi labore ad ut minim exercitation do elit labore do dolore veniam lorem ullamco enim sit magna labore dolore ullamco dolor lorem dolor dolore et consectetur sed nisi lorem aliqua dolore ',79,22),(104,'2024-06-27 03:10:52.120000','dolor incididunt in ut amet irure pariatur ad ut excepteur duis velit fugiat dolor velit lorem cillum reprehenderit veniam ea incididunt labore nulla aute velit ut excepteur in in veniam sit et exercitation ex dolore duis ut consectetur commodo veniam au',67,1),(105,'2023-07-02 11:15:53.661000','amet amet lorem lorem incididunt tempor adipiscing adipiscing sit elit ut elit eiusmod ut ',112,15),(106,'2024-06-24 06:17:11.238000','in commodo enim ullamco ipsum do esse in elit consequat et exercitation ut dolore laboris in voluptate velit consectetur in ipsum magna aute eu consectetur eiusmod ut amet aute nostrud dolore dolor minim tempor commodo aliquip adipiscing nisi consectetur',163,44),(107,'2023-10-27 00:37:00.703000','labore dolor cupidatat ullamco ut minim exercitation minim ea laboris sed dolor elit pariatur nostrud excepteur non in irure minim dolore dolore elit fugiat sint eu dolor et reprehenderit do in non proident eiusmod elit incididunt elit ipsum aliquip occa',66,47),(108,'2024-04-12 19:19:47.695000','lorem ipsum ',110,52),(109,'2024-11-02 19:57:10.430000','dolor elit elit amet lorem adipiscing lorem lorem ',105,11),(110,'2025-03-26 12:04:46.466000','esse reprehenderit fugiat sit enim pariatur commodo ad duis eiusmod nisi esse nulla in dolore et nostrud sed incididunt pariatur irure ut dolor ullamco in reprehenderit voluptate nisi in laboris incididunt consectetur aliqua ad nostrud dolor nisi in dolo',139,49),(111,'2023-09-26 12:37:44.495000','ad ut magna sed ut ut et nisi sed enim aliquip adipiscing aliquip aliquip veniam sit dolor ullamco sed magna nostrud laboris sit lorem nisi elit nostrud do sed ullamco do sed ',95,10),(112,'2025-03-30 09:32:59.190000','ut minim et dolor lorem nostrud amet consectetur amet elit enim tempor sit quis lorem do sed exercitation incididunt sed minim minim dolore ad quis elit do ',113,51),(113,'2024-09-01 22:47:56.045000','et consequat proident laboris sit incididunt aliquip ut duis aute enim amet sint magna eiusmod velit amet nulla in dolor dolore dolore nostrud magna cupidatat pariatur commodo veniam exercitation non sit et elit consequat eiusmod in excepteur ad occaecat',178,9),(114,'2023-10-03 19:18:56.363000','dolor laboris veniam incididunt nisi amet sed aliquip incididunt et consequat ut ex magna dolore adipiscing quis incididunt sed ut ad quis nostrud enim aute consequat ipsum tempor dolor labore lorem dolor commodo lorem et adipiscing adipiscing dolore qui',119,37),(115,'2024-03-26 04:02:14.330000','amet elit sed lorem dolor lorem ipsum eiusmod consectetur adipiscing dolor ',112,56),(116,'2024-01-29 06:15:51.281000','tempor eiusmod tempor dolor aliqua amet et lorem lorem aliqua labore aliqua et do magna amet incididunt sed lorem consectetur aliqua ut minim ',120,4),(117,'2024-09-09 19:21:28.106000','ad consectetur ex ea tempor et ut elit lorem ut irure dolor minim ut sit nostrud nostrud nisi eiusmod ut magna ullamco ad labore consectetur consectetur duis dolor dolore ut dolor aliqua ut magna ullamco veniam veniam incididunt ut sed ',172,33),(118,'2024-02-15 06:03:09.770000','enim ut magna esse incididunt pariatur ex ullamco nostrud in nisi dolor ut fugiat quis tempor consequat in ut ad excepteur dolor duis nisi pariatur labore nulla aute ex irure magna dolor magna adipiscing quis magna voluptate velit eiusmod dolore in cillu',71,52),(119,'2023-09-14 08:19:18.355000','sit ipsum ipsum adipiscing sed amet elit adipiscing dolor consectetur ',156,46),(120,'2023-09-02 03:57:30.332000','eiusmod ut elit amet ipsum nisi sed sed ullamco adipiscing quis quis ut aliquip quis sit lorem aliqua tempor ipsum aliquip et dolor veniam quis nisi dolor quis ipsum dolor ut eiusmod ',125,9),(121,'2023-08-13 02:19:47.663000','incididunt dolor dolor nostrud minim ex magna duis quis quis ad nisi aute eiusmod consequat veniam sit consectetur veniam minim labore ut aliqua commodo sit irure aliqua nisi ut nostrud sit minim dolore laboris ex sed sed aliqua ut amet ',168,25),(122,'2023-10-03 22:04:04.492000','et do magna dolor lorem ipsum ut eiusmod enim tempor labore ipsum ut ipsum adipiscing consectetur elit aliqua ipsum dolore sed ',110,45),(123,'2023-07-28 05:56:02.774000','incididunt elit tempor lorem dolor do labore sit ut sed elit dolore lorem incididunt lorem eiusmod eiusmod ',136,10),(124,'2024-01-22 20:36:47.005000','et do sed incididunt ut sed aliqua dolore do amet et ut consectetur ut magna labore dolor dolore consectetur sed et dolore amet ',162,37),(125,'2023-08-21 15:14:40.425000','ipsum ipsum ',177,38),(126,'2024-11-05 20:52:32.335000','dolore tempor quis ut consectetur labore labore do ad ipsum lorem ut veniam ut ipsum nostrud eiusmod adipiscing enim aliqua adipiscing incididunt tempor dolore amet ut minim ',180,8),(127,'2025-06-16 16:12:02.610000','lorem exercitation irure ea et dolore ex sed laboris duis eiusmod nisi ut ut ullamco adipiscing esse ullamco veniam do ea dolor elit duis et minim elit ullamco duis dolor magna ullamco dolor in ea amet aliqua ea et in amet labore aliqua ut in consequat i',73,35),(128,'2024-01-23 03:58:29.703000','lorem ut labore eiusmod amet sit amet ut incididunt magna aliqua elit magna ipsum dolore tempor sed sit sed do ',143,57),(129,'2025-01-03 10:17:32.456000','lorem ipsum ipsum lorem amet ',147,32),(130,'2025-05-15 02:08:02.348000','incididunt laboris minim incididunt enim aute elit labore voluptate labore ut in amet sed ut adipiscing labore veniam et labore in commodo eiusmod ut amet sed ea do dolore aliqua reprehenderit lorem ut nisi velit aliquip consequat do ullamco quis adipisc',110,22),(131,'2024-11-15 21:49:20.258000','esse amet nisi lorem minim minim excepteur enim consequat cupidatat consequat laboris proident ad dolor enim proident ea adipiscing dolore eiusmod laboris ex consectetur magna ea esse aliquip nisi dolor dolor do sint ut sunt ad veniam ea sit in in cupida',131,13),(132,'2024-08-25 21:52:40.219000','quis ipsum do consectetur sit ut ad amet do eiusmod quis sit tempor veniam incididunt consectetur quis do ipsum veniam sit ad elit labore ipsum ',144,26),(133,'2024-12-02 07:27:21.221000','elit magna nulla in ex incididunt reprehenderit esse ad exercitation nostrud consequat pariatur excepteur amet ipsum quis excepteur sit laboris adipiscing elit exercitation magna magna eiusmod consectetur proident nulla exercitation nostrud ullamco sed l',112,36),(134,'2023-10-11 14:46:41.996000','tempor adipiscing sed ipsum sed lorem ipsum sit do et lorem elit elit dolore et magna do ut amet ',119,29),(135,'2024-07-16 16:38:40.079000','ut consectetur consequat voluptate eu exercitation pariatur aliquip lorem fugiat quis sed dolore ullamco aute voluptate voluptate tempor aliqua sed dolore laboris in voluptate cillum sed eiusmod reprehenderit ipsum dolore amet nostrud eiusmod laboris do ',84,41),(136,'2024-05-13 15:04:49.651000','eiusmod ut eiusmod velit sunt dolor aliqua sed irure sit fugiat dolore duis irure veniam excepteur ex amet ea lorem esse voluptate et sit in ut non quis incididunt labore amet aliquip dolore velit cillum do consequat adipiscing ullamco labore pariatur du',156,30),(137,'2024-04-18 21:52:50.190000','eiusmod sit tempor elit ut do sit sit ut adipiscing sit do lorem adipiscing ',100,49),(138,'2025-02-14 04:58:10.918000','minim sit exercitation esse cillum labore in irure in ipsum in nisi commodo minim ullamco laboris dolor dolore sed ut sit consectetur enim aute amet nulla do minim magna reprehenderit et irure dolore ullamco do fugiat sed nisi quis nulla esse cillum lore',76,12),(139,'2023-11-18 15:11:18.552000','sit elit minim incididunt dolor ex nostrud tempor lorem ex minim ut ut ad ullamco amet ex ullamco quis enim sed nisi adipiscing amet ea aliquip dolor ut ex exercitation aliqua quis do sit aliquip ',130,54),(140,'2024-12-25 10:54:38.882000','tempor ullamco nostrud ex in consectetur ea sit esse ex amet adipiscing esse dolore in eiusmod incididunt eiusmod ipsum veniam amet labore labore ut dolor eu in reprehenderit sed aliquip amet lorem irure reprehenderit ut exercitation dolore laboris aute ',157,53),(141,'2024-06-04 13:51:20.064000','ut et sit incididunt lorem lorem aliqua adipiscing adipiscing nostrud enim ut ut ipsum dolor labore eiusmod consectetur adipiscing magna sit ipsum elit adipiscing ad tempor ',99,43),(142,'2025-06-10 18:27:52.311000','elit sit labore labore ipsum ut labore ipsum sit do do eiusmod minim labore tempor labore adipiscing ipsum et adipiscing sit sit lorem ',117,4),(143,'2025-06-24 05:22:24.068000','dolor ipsum ipsum ',66,1),(144,'2024-04-15 15:26:42.355000','ipsum aliqua ut adipiscing commodo aliqua ex eiusmod dolore dolor minim labore amet adipiscing ut ad commodo do enim nisi et consectetur minim ullamco lorem do sit eiusmod amet duis dolore aliqua nisi consectetur nostrud et nostrud ',99,51),(145,'2025-06-12 22:35:22.019000','dolore ullamco quis amet ut labore aliquip ad veniam do magna sed aliquip commodo tempor lorem dolore labore incididunt voluptate aliqua ut et dolor amet ad aliquip aliquip reprehenderit in ex aliquip exercitation consequat sed veniam et magna dolore vel',157,34),(146,'2023-10-25 15:07:58.351000','adipiscing ipsum lorem tempor labore lorem adipiscing dolor ut et ut tempor amet aliqua elit dolore aliqua labore adipiscing magna sed ',140,34),(147,'2025-03-31 16:42:33.682000','ut consequat elit magna lorem labore ullamco commodo do dolore ullamco elit ad dolore aliqua aliqua magna ad amet sit ex amet ea adipiscing exercitation et consectetur do ad enim sed laboris ullamco quis elit consequat ',136,44),(148,'2024-01-26 07:50:36.553000','veniam lorem tempor commodo et nostrud aliqua enim tempor consequat ut ut dolor minim irure aliqua ut ex ut aliquip nisi sit magna dolore dolore ipsum ut exercitation magna consequat do eiusmod ipsum labore ea ex ut consectetur do ',175,49),(149,'2024-02-02 19:06:49.817000','lorem dolor dolor ipsum ipsum ',162,52),(150,'2024-04-12 07:20:10.628000','ipsum consectetur ipsum ipsum ipsum ipsum ',70,34);
/*!40000 ALTER TABLE `comment` ENABLE KEYS */;
UNLOCK TABLES;

--
-- Table structure for table `hibernate_sequence`
--

DROP TABLE IF EXISTS `hibernate_sequence`;
/*!40101 SET @saved_cs_client     = @@character_set_client */;
/*!50503 SET character_set_client = utf8mb4 */;
CREATE TABLE `hibernate_sequence` (
  `next_val` bigint DEFAULT NULL
) ENGINE=InnoDB DEFAULT CHARSET=utf8mb4 COLLATE=utf8mb4_0900_ai_ci;
/*!40101 SET character_set_client = @saved_cs_client */;

--
-- Dumping data for table `hibernate_sequence`
--

LOCK TABLES `hibernate_sequence` WRITE;
/*!40000 ALTER TABLE `hibernate_sequence` DISABLE KEYS */;
INSERT INTO `hibernate_sequence` VALUES (151),(151),(151);
/*!40000 ALTER TABLE `hibernate_sequence` ENABLE KEYS */;
UNLOCK TABLES;

--
-- Table structure for table `post`
--

DROP TABLE IF EXISTS `post`;
/*!40101 SET @saved_cs_client     = @@character_set_client */;
/*!50503 SET character_set_client = utf8mb4 */;
CREATE TABLE `post` (
  `id` int NOT NULL,
  `datetime` datetime(6) DEFAULT NULL,
  `txt` longtext,
  `user_id` int DEFAULT NULL,
  PRIMARY KEY (`id`),
  KEY `FK72mt33dhhs48hf9gcqrq4fxte` (`user_id`),
  CONSTRAINT `FK72mt33dhhs48hf9gcqrq4fxte` FOREIGN KEY (`user_id`) REFERENCES `user` (`id`)
) ENGINE=InnoDB DEFAULT CHARSET=utf8mb4 COLLATE=utf8mb4_0900_ai_ci;
/*!40101 SET character_set_client = @saved_cs_client */;

--
-- Dumping data for table `post`
--

LOCK TABLES `post` WRITE;
/*!40000 ALTER TABLE `post` DISABLE KEYS */;
INSERT INTO `post` VALUES (62,'2021-02-01 01:11:29.021000','ipsum lorem ',29),(63,'2022-01-31 11:13:34.581000','laboris ut ut lorem ut ipsum aliquip magna minim sit nostrud ut aliqua ullamco amet laboris lorem et exercitation dolor adipiscing et ut exercitation ipsum sit laboris incididunt laboris labore enim elit ut ',45),(64,'2021-07-13 00:56:22.135000','lorem lorem sit ipsum dolor ',13),(65,'2022-11-27 07:26:07.546000','sed ad amet exercitation nostrud elit nostrud et ea exercitation eiusmod dolor minim enim consectetur reprehenderit exercitation commodo dolore ipsum aute veniam veniam exercitation do enim dolor exercitation aute nostrud amet ut commodo labore ex consequat magna quis eiusmod sit ea ad sit ',51),(66,'2022-07-28 20:47:00.145000','sit eiusmod adipiscing aliqua aliqua lorem tempor lorem ut eiusmod dolor amet sit dolor quis et lorem ut ut ut eiusmod adipiscing veniam sed ipsum tempor ',35),(67,'2020-10-04 21:26:02.482000','adipiscing incididunt incididunt dolor adipiscing do sit tempor lorem sit dolor adipiscing adipiscing ',34),(68,'2023-04-23 21:19:31.302000','adipiscing minim eiusmod sit eiusmod ex et commodo labore incididunt nostrud et quis commodo ut dolor lorem labore ullamco lorem labore do ad ut sit enim dolor consectetur magna dolor enim consequat sit ex et dolor ',23),(69,'2019-10-26 14:46:33.952000','minim tempor duis esse velit nisi fugiat pariatur et cillum consequat ut pariatur nulla et eu esse irure enim ipsum ad sit do irure fugiat laboris ea lorem quis aliqua esse aliquip duis commodo ut ut exercitation sed laboris ad dolore dolor dolore voluptate ut ut nisi amet pariatur et dolore amet duis sit ',14),(70,'2022-09-29 16:53:20.672000','aliqua do consectetur tempor ut aute dolore eiusmod magna nostrud commodo ullamco magna veniam incididunt incididunt aliqua ad aute magna sed duis irure adipiscing ut elit esse ipsum ipsum nisi et exercitation commodo dolore exercitation ut nisi ut aliqua ut exercitation et duis do duis consectetur sed tempor nostrud ',26),(71,'2021-05-22 06:02:26.983000','lorem ',16),(72,'2019-03-09 22:45:35.711000','dolore ut dolor ad labore elit minim sit elit labore eiusmod labore eiusmod et minim amet ut magna dolor labore dolore dolore magna ',56),(73,'2021-10-31 05:22:54.556000','magna aliquip nisi velit commodo irure labore nostrud dolore lorem irure aute do voluptate commodo ut voluptate ad magna ullamco reprehenderit velit laboris enim exercitation ut ex reprehenderit ut ea ad in velit ut minim ea sed aliqua lorem ea ullamco in veniam dolor et ',41),(74,'2020-06-18 07:15:55.062000','adipiscing sed sed lorem ipsum lorem lorem consectetur adipiscing consectetur sit ipsum consectetur ',15),(75,'2022-07-19 02:57:13.867000','dolore elit tempor do ut ea do duis ut ad eiusmod nisi duis exercitation nostrud dolor et dolor aliqua nulla duis lorem ut lorem ad ea dolor quis aliqua minim commodo aute cillum dolore in consectetur nisi sit ad ex ipsum ut nostrud ad consequat elit in veniam sit elit minim ',7),(76,'2023-03-20 18:18:40.351000','amet amet adipiscing elit sed ipsum incididunt dolor sit dolor consectetur sed dolore dolore ipsum eiusmod incididunt ut ',9),(77,'2021-01-27 19:32:55.226000','ex dolor non minim in ut ut labore pariatur labore consequat nulla ad minim enim consectetur sint duis eiusmod pariatur non consectetur aliqua reprehenderit esse cupidatat occaecat adipiscing in minim minim elit ea ut consequat et dolore duis nisi sit enim dolore duis ea eu ex nisi do ea ipsum exercitation excepteur non voluptate elit pariatur aute ',21),(78,'2021-11-26 09:36:23.179000','ad adipiscing consectetur consequat ut elit duis tempor quis ad nostrud ex ex do consequat minim do magna sit ut ex ea enim ea duis nisi lorem nostrud et veniam minim dolor eiusmod commodo enim ullamco labore ',23),(79,'2020-11-03 04:04:03.025000','lorem lorem dolor ',20),(80,'2022-12-28 00:32:34.916000','dolore veniam elit adipiscing ad minim ut lorem ad enim incididunt ullamco elit labore eiusmod dolore magna exercitation lorem exercitation do eiusmod adipiscing aliquip et sit ipsum nisi ad do do labore ',6),(81,'2022-03-03 14:28:04.485000','ipsum sed aliqua ut nisi quis dolor ut adipiscing ut ullamco sit lorem aliqua minim lorem ipsum adipiscing et exercitation ut labore ullamco ut enim ut do ut ipsum quis aliqua ',49),(82,'2019-05-07 05:59:26.646000','ipsum dolor lorem ',11),(83,'2022-02-14 19:50:57.172000','ad minim enim eiusmod aliquip exercitation laboris exercitation exercitation labore ullamco veniam consequat aliquip amet et commodo consectetur sed amet sit dolore veniam duis consequat adipiscing irure elit consequat ut ipsum ut et sit ex et incididunt incididunt incididunt ',23),(84,'2022-04-04 12:56:12.652000','exercitation ut exercitation exercitation adipiscing enim minim do ut consectetur aute incididunt amet sed elit ut amet enim et elit sed duis ad veniam magna aute nostrud enim consectetur lorem commodo aute minim quis nisi ut commodo consectetur ',29),(85,'2019-07-12 19:28:56.599000','minim ad ea do laboris labore labore exercitation do eiusmod magna labore et nostrud sed ut ut incididunt ipsum nisi ipsum tempor ipsum ut consectetur sed quis commodo et lorem consequat ut aliquip commodo sed elit laboris ',58),(86,'2021-12-22 19:50:33.945000','aliqua lorem tempor ad veniam ea ipsum commodo aliquip consectetur pariatur ipsum velit nisi enim aliqua ut in ex enim ullamco aliqua commodo in do nisi aliquip tempor magna lorem ullamco sed lorem et aute irure ex reprehenderit aliquip sit velit aute incididunt ea dolore duis ea duis lorem velit magna voluptate ',21),(87,'2020-07-03 10:47:52.831000','elit dolor sit elit elit sit elit consectetur dolor ',46),(88,'2019-03-15 17:09:22.881000','aute aliqua ex do quis sit velit ad consequat nostrud nostrud quis eiusmod ad eiusmod irure duis minim minim labore tempor consectetur in labore in veniam eiusmod velit consequat tempor in duis do exercitation aute voluptate et ut adipiscing sit do adipiscing enim ad duis ut et sed minim ',25),(89,'2020-06-20 13:28:21.783000','et nostrud lorem labore aliqua enim lorem lorem adipiscing consectetur enim ut lorem quis enim dolor consectetur veniam nostrud dolore adipiscing adipiscing veniam quis do lorem ',50),(90,'2020-11-10 05:48:22.910000','tempor dolor enim amet et ut tempor amet incididunt et sit sit minim consectetur sit enim ut minim elit sit ipsum tempor sit ',43),(91,'2020-10-25 03:07:13.520000','dolore tempor magna nostrud lorem elit sed sit tempor elit ipsum quis ipsum dolor ullamco magna sit et eiusmod magna et minim tempor lorem magna exercitation eiusmod ut ',59),(92,'2021-12-03 23:04:30.870000','enim laboris minim ut ex enim nisi adipiscing ex tempor lorem eu do do consequat ipsum magna cillum tempor laboris reprehenderit cillum ullamco do dolor consequat dolore aute dolor aliquip irure esse in adipiscing dolore sit et magna in nulla aute sed velit ipsum incididunt veniam tempor pariatur dolor aliquip fugiat incididunt ',28),(93,'2021-03-27 05:07:22.034000','amet reprehenderit minim aliquip esse irure sed et laboris reprehenderit commodo lorem irure ut cillum ut veniam elit fugiat labore dolore laboris consequat ut do irure sed lorem et eiusmod aliqua fugiat incididunt velit sit minim ad aute lorem reprehenderit aute nisi ex consectetur aliqua veniam aliquip ut commodo elit ',38),(94,'2020-07-15 22:21:13.227000','dolor lorem amet dolor amet lorem ',5),(95,'2020-10-16 06:20:26.842000','adipiscing ea commodo nostrud duis ullamco ut magna commodo laboris minim eiusmod dolor ad aliquip consequat magna minim sit ipsum eiusmod elit lorem adipiscing adipiscing ad quis sit aliquip nostrud eiusmod veniam dolor dolor eiusmod quis do ullamco nostrud consectetur ',39),(96,'2019-02-23 18:26:35.289000','ex ad veniam commodo elit et quis aliqua quis dolor ullamco quis commodo ad magna tempor dolore duis do exercitation veniam enim ut quis aliqua ut ut minim ex aliqua adipiscing laboris elit consequat labore consequat dolor dolore veniam ea ',46),(97,'2021-03-04 13:05:18.076000','lorem ipsum eiusmod sit lorem dolor elit sed dolor lorem elit elit ',7),(98,'2020-12-27 19:22:32.098000','dolor ut aliqua eiusmod magna sed do incididunt incididunt ut ipsum enim ipsum ipsum amet aliqua amet sit magna lorem dolor ',42),(99,'2021-05-20 20:44:01.806000','veniam exercitation aliqua tempor dolor do elit minim do ad magna ipsum eiusmod dolor dolore ipsum magna lorem do ad quis sed ad consectetur nostrud tempor exercitation ',42),(100,'2022-03-03 01:22:46.314000','adipiscing incididunt laboris eiusmod ut eiusmod labore aliqua ut eiusmod consectetur veniam lorem ullamco aliquip sit duis consequat tempor labore amet aliqua laboris enim incididunt eiusmod sed nostrud ut aliqua tempor aute ut do ut consequat ut et amet ullamco ',56),(101,'2023-05-30 10:36:49.281000','sed do sit tempor eiusmod sit lorem sed adipiscing tempor eiusmod elit consectetur ',27),(102,'2020-06-04 00:22:25.556000','amet dolor sit lorem amet ',39),(103,'2020-04-25 18:23:54.226000','consectetur adipiscing sit consectetur ipsum lorem sit ',31),(104,'2019-01-02 22:14:48.178000','incididunt et veniam sed magna lorem elit eiusmod do dolore ut lorem ad adipiscing ipsum minim elit et quis ipsum adipiscing incididunt et sed elit ',32),(105,'2020-09-27 08:12:45.694000','do aliquip in esse ut minim eiusmod cillum incididunt ex velit exercitation nulla eu sed minim dolor nostrud excepteur enim in incididunt eu exercitation adipiscing duis lorem tempor ullamco nulla dolor reprehenderit exercitation velit reprehenderit enim eu nostrud incididunt aute magna minim elit fugiat aliqua exercitation esse adipiscing fugiat commodo ea aliquip sit ut ',47),(106,'2022-02-03 17:17:34.994000','ipsum lorem amet adipiscing labore adipiscing amet elit incididunt sed eiusmod amet do consectetur consectetur sed tempor et ',55),(107,'2022-07-12 04:12:57.699000','',34),(108,'2022-12-15 17:16:25.421000','ad ut irure sint excepteur ut in et in do aliqua dolore tempor pariatur ut magna irure incididunt nisi esse tempor ea in dolore quis irure laboris cillum laboris laboris sit dolore ut sit irure ut minim sed occaecat elit laboris duis elit pariatur lorem voluptate eu sit magna dolor pariatur cupidatat quis velit consequat dolore cillum ',32),(109,'2020-02-12 03:01:33.510000','dolor do ipsum sit elit dolor elit dolor adipiscing sed sed ',36),(110,'2022-04-22 07:58:00.605000','et elit ut enim incididunt et ut dolor aliqua consectetur incididunt ut magna et consectetur consectetur aliqua ipsum elit tempor tempor ',20),(111,'2021-06-16 18:39:01.239000','ex ea ipsum enim enim eiusmod magna laboris nostrud ut ex tempor sit elit ad labore aliquip aliqua ullamco ut aliqua dolore ullamco minim aliqua minim nostrud lorem labore incididunt quis adipiscing quis ut ',57),(112,'2022-03-19 20:09:08.555000','tempor sed ut ut sit lorem consectetur enim eiusmod tempor et dolore ipsum do lorem ad magna lorem lorem tempor eiusmod sed ',44),(113,'2023-02-23 13:45:02.378000','ipsum incididunt eiusmod duis elit ut eiusmod incididunt eiusmod adipiscing aliquip dolor ullamco consectetur ea et reprehenderit dolor reprehenderit nostrud incididunt commodo aliquip minim dolore tempor dolor amet ullamco tempor et consequat amet ex aliqua tempor velit aliqua velit labore in velit tempor exercitation dolor in ullamco ',40),(114,'2022-02-07 09:11:44.926000','eiusmod dolor incididunt sit ipsum ut eiusmod consectetur dolor veniam amet dolor ad dolore incididunt nostrud nostrud exercitation ut magna magna tempor ipsum exercitation tempor amet magna et incididunt ',14),(115,'2019-08-07 12:14:39.152000','dolor ipsum dolor ',34),(116,'2019-09-25 20:35:55.428000','incididunt lorem laboris enim adipiscing aliquip do elit eiusmod eiusmod et quis magna laboris adipiscing aliqua adipiscing sed laboris aliquip laboris lorem dolor aliqua ea lorem consequat et et ea minim aliqua minim consectetur lorem minim ',13),(117,'2022-12-20 05:21:52.980000','ipsum amet sit sit amet sit consectetur ',21),(118,'2023-06-06 06:24:05.635000','ipsum ipsum ',35),(119,'2021-11-24 14:16:09.800000','incididunt do magna magna dolore tempor dolor dolore elit do do sed eiusmod incididunt eiusmod elit adipiscing magna ',18),(120,'2020-09-13 04:16:28.333000','adipiscing lorem ipsum tempor elit ipsum do sed tempor elit sed do eiusmod sed ',53),(121,'2022-06-13 02:34:00.332000','sed ad veniam consectetur elit ullamco dolore tempor exercitation nostrud consectetur tempor eiusmod nostrud ipsum elit exercitation nostrud magna ipsum elit nostrud ipsum do tempor enim magna labore ',1),(122,'2020-04-25 09:23:32.085000','aliquip do adipiscing ullamco tempor amet consectetur elit tempor aliquip nisi sed dolore ut veniam aliqua elit lorem sed dolor consectetur labore sit ullamco ipsum amet dolor sed et quis labore labore ',9),(123,'2020-12-15 03:33:46.087000','incididunt sit ad ad eiusmod enim do minim dolore ad minim enim dolore exercitation quis tempor et ipsum labore veniam exercitation elit exercitation minim labore labore elit ullamco ',12),(124,'2019-05-28 06:39:30.733000','aute aliquip magna ad cillum in do incididunt nulla tempor ex veniam commodo in nostrud consectetur sit amet cillum in minim ad exercitation elit lorem dolore do elit ullamco tempor aliqua quis ad ut commodo ut ipsum aliquip adipiscing irure nulla in tempor fugiat do do aliqua dolor irure in nisi ipsum in ',45),(125,'2019-05-17 12:17:04.602000','magna exercitation do lorem tempor do adipiscing adipiscing et minim dolor exercitation dolore lorem consectetur dolor quis nostrud lorem dolor aliqua amet labore ut nostrud ut ipsum ',57),(126,'2019-07-17 15:03:40.099000','voluptate amet commodo consequat eu fugiat enim ut minim ut laboris fugiat velit incididunt ut ex irure fugiat dolor do veniam dolore lorem aliquip ut aliquip esse ut aliqua dolore incididunt eiusmod ipsum in ut magna commodo in cillum tempor ad quis elit reprehenderit aute eiusmod velit ea incididunt ad consequat ',8),(127,'2020-10-13 10:46:38.255000','exercitation do aliqua consectetur eiusmod laboris sed velit aliquip veniam ut esse velit laboris consectetur sed enim ex magna nisi consectetur exercitation exercitation cillum quis quis ad dolore do reprehenderit aute ipsum cillum in ut commodo ut in cillum ex ut elit laboris ullamco do quis commodo ',18),(128,'2019-09-11 23:12:59.413000','dolor amet amet sit sit ',33),(129,'2023-05-24 05:18:22.201000','aliqua labore elit ullamco ullamco dolore ex veniam ea aliqua ut do ut veniam ut ut eiusmod labore et laboris ea sed lorem commodo nostrud quis nisi ut nostrud amet enim ut adipiscing tempor ipsum ',18),(130,'2022-11-10 00:45:33.098000','nisi ipsum elit et minim enim in ea aliqua ad nulla ea eiusmod aliqua minim adipiscing sint cillum aute labore in duis magna exercitation magna in nostrud elit labore labore excepteur adipiscing consequat aliqua esse ad eu irure cillum magna enim ut adipiscing ullamco tempor incididunt magna sit fugiat ut sit laboris incididunt elit minim ',19),(131,'2021-11-30 01:20:33.187000','et ex incididunt labore lorem aliquip magna ex aliqua do laboris aliquip amet ut irure sed sed eiusmod quis ipsum minim consectetur irure nostrud laboris irure ullamco ut amet elit eiusmod ut exercitation consequat veniam sed lorem incididunt ullamco labore ',6),(132,'2021-06-05 04:53:53.258000','voluptate irure aliqua aute ut voluptate sed magna dolor ut consequat lorem reprehenderit exercitation ullamco ea ut commodo duis nostrud irure commodo tempor sit irure ea incididunt duis nostrud irure tempor nostrud enim consequat velit sed dolor magna nostrud labore et ut labore ea adipiscing ',21),(133,'2020-10-18 04:35:21.740000','amet elit amet lorem consectetur dolor consectetur ipsum ',2),(134,'2022-10-18 23:03:38.031000','elit sed magna quis elit veniam nostrud magna exercitation aliqua adipiscing nostrud dolor amet dolor eiusmod dolor ad ut sit veniam ipsum et enim veniam nostrud dolor ',22),(135,'2022-01-21 19:20:50.382000','eiusmod dolore eiusmod ut magna sit ad tempor incididunt do dolore ad elit magna amet eiusmod dolor adipiscing dolor incididunt enim ad ',30),(136,'2020-08-26 20:17:45.909000','',11),(137,'2022-10-17 08:31:16.926000','ex consequat aliquip nisi amet labore exercitation minim nostrud aliqua consequat quis minim ullamco ut laboris duis nisi et amet ut veniam consectetur et ea dolor magna aliquip consequat labore labore dolor ipsum adipiscing aliquip et laboris ',9),(138,'2022-11-17 08:57:58.443000','ea nisi magna aliqua veniam quis ex ut et dolor dolor tempor ipsum elit dolor in dolor ut ut laboris irure dolor nostrud amet elit nostrud exercitation enim ut dolor dolor commodo irure dolore ex adipiscing commodo exercitation dolor lorem elit ',7),(139,'2022-05-13 10:10:15.440000','lorem ',12),(140,'2020-04-15 12:38:25.954000','adipiscing aliquip aute ut consectetur veniam enim do ad in ullamco sit in ea ex dolor ad voluptate dolore dolore et aliqua ut velit exercitation voluptate tempor nisi ut esse consequat magna nisi exercitation esse sed ad adipiscing laboris in ea dolore amet nisi quis do dolor ',17),(141,'2020-02-02 23:35:58.135000','ipsum dolor dolor ',51),(142,'2019-10-09 14:19:25.634000','minim tempor incididunt do sed et sed veniam incididunt do veniam ipsum magna elit enim quis ut eiusmod eiusmod sed eiusmod magna ut lorem enim tempor ',2),(143,'2019-02-26 11:44:43.772000','consectetur elit lorem minim elit elit dolor consectetur nostrud incididunt sed aliquip consectetur ea aliqua tempor quis aliquip amet aliquip laboris aliquip ullamco aute ad incididunt quis aute ut sed tempor in aute ut do aliqua veniam aliqua exercitation ea consequat irure et ',57),(144,'2021-03-02 12:12:03.328000','ut ut in in sed dolor labore ut duis nisi quis exercitation aliquip nisi labore magna incididunt ut dolor aliquip et quis ad dolor lorem labore tempor ad ut lorem et reprehenderit nisi nostrud aliqua veniam exercitation sit aliquip ut ut magna ',10),(145,'2021-08-20 16:13:52.894000','do sit elit elit adipiscing do do sit ipsum consectetur ',55),(146,'2021-10-09 16:19:32.982000','amet incididunt labore sit elit tempor do ut magna sit labore et aliqua eiusmod enim dolor tempor et labore lorem ad sed ',40),(147,'2020-07-19 06:04:00.247000','do dolore voluptate tempor labore veniam consequat velit dolor adipiscing in adipiscing exercitation ea commodo ex et ut ullamco reprehenderit ut velit dolor ut exercitation ipsum cillum labore do quis duis ipsum aliquip esse aute dolore sed nostrud ut incididunt labore magna veniam ex ut tempor reprehenderit in consequat ',25),(148,'2019-11-19 23:14:35.492000','in magna in commodo consectetur proident sit commodo occaecat elit aute duis non veniam ea in laboris aliqua irure fugiat proident aute et enim duis ex ullamco sed do consequat cillum dolor laboris cillum ad proident elit quis adipiscing excepteur nisi nisi aliqua ex dolore sint aute esse enim proident incididunt pariatur minim ex reprehenderit ex ut eu ',51),(149,'2023-01-03 04:47:17.093000','magna do do ut dolore ut tempor tempor do eiusmod do amet elit ut dolor amet ipsum eiusmod do ad tempor tempor ',13),(150,'2019-10-01 22:31:04.021000','elit labore magna aliqua amet elit aliqua dolore amet ipsum lorem dolore et aliqua dolore sit sit dolor amet ',4),(151,'2022-11-21 02:27:12.086000','ut ad ullamco aliquip nostrud magna duis incididunt minim dolor consectetur do sit ea tempor ullamco nisi do do aliquip quis nostrud dolor aliquip minim consectetur veniam adipiscing dolore sed commodo ea veniam eiusmod ad ipsum quis ',52),(152,'2022-06-11 11:41:33.596000','lorem amet amet sit lorem ',11),(153,'2022-01-19 22:09:10.203000','nostrud veniam nisi et ut nostrud veniam ipsum adipiscing eiusmod lorem aliqua ut ipsum magna minim tempor ex ut aliquip lorem enim sit ad nostrud ipsum veniam nostrud dolor consectetur ut nostrud magna ',42),(154,'2019-10-30 09:05:36.493000','elit dolor eiusmod exercitation duis enim ad sed nostrud incididunt ut labore aliqua ut quis adipiscing irure ea dolor aliquip incididunt ea labore consequat minim magna ut et ullamco enim veniam consequat laboris elit dolor labore dolor ipsum consequat dolore magna ',47),(155,'2022-04-18 15:21:08.527000','do quis tempor sed eiusmod ullamco sed laboris nisi aliqua elit laboris dolore exercitation ad ad consectetur exercitation quis ut adipiscing et veniam nostrud consectetur ut aliqua nostrud amet nostrud exercitation ',12),(156,'2019-01-18 16:55:24.535000','sed adipiscing dolor lorem lorem sit adipiscing sed dolor incididunt elit ipsum ut elit labore ',23),(157,'2023-04-24 03:17:50.436000','dolore sed elit ut sit ut lorem amet eiusmod enim labore amet et elit ut aliqua consectetur eiusmod labore lorem elit ',41),(158,'2022-07-04 14:01:15.031000','lorem lorem ',21),(159,'2020-09-12 23:04:09.056000','consectetur sit ipsum amet adipiscing dolor consectetur adipiscing ',54),(160,'2020-04-12 11:37:37.854000','eiusmod labore adipiscing enim aliqua do sed amet lorem dolor enim aliqua magna ullamco minim ad quis sit dolore sed ad do exercitation ut quis exercitation dolore labore magna ',2),(161,'2022-03-28 05:04:59.677000','amet tempor dolor amet dolor amet ipsum amet ipsum dolore labore sit sit elit incididunt dolore ipsum ',7),(162,'2019-03-10 01:31:35.124000','sit ipsum sit sit ',24),(163,'2022-12-28 16:08:19.415000','do incididunt ut ad tempor sed dolor enim sit ut et dolor ipsum ad aliqua nisi dolore nisi et ullamco elit do dolor ullamco incididunt consectetur magna nostrud nisi consectetur veniam ',38),(164,'2019-04-23 19:19:59.249000','dolor nostrud aliqua exercitation occaecat quis fugiat veniam exercitation ullamco commodo non consequat labore occaecat excepteur incididunt cillum veniam adipiscing commodo irure esse velit eu amet ullamco in sit ipsum aliqua in labore incididunt aliqua in amet commodo excepteur ut cillum sit irure dolor sit esse eiusmod ullamco ut enim aute do sit consectetur voluptate ut cillum ',6),(165,'2021-08-25 20:22:48.195000','sed amet sit dolor sed ipsum ipsum dolor adipiscing ',14),(166,'2019-11-19 18:38:12.491000','magna ut ad amet laboris dolore ipsum et quis sit laboris do sit ad elit ullamco do consectetur ut ut consectetur ullamco et ut amet aliqua incididunt tempor adipiscing ',32),(167,'2020-11-30 23:08:09.963000','elit adipiscing sed do consectetur lorem sed labore amet amet consectetur eiusmod ipsum sed lorem ',49),(168,'2020-07-26 15:22:46.889000','elit tempor do sed do consectetur sit ipsum dolore do lorem magna incididunt elit ut amet adipiscing labore ',5),(169,'2023-06-17 17:56:57.539000','ut nostrud labore aliqua minim enim lorem tempor incididunt dolore laboris nisi ut ullamco dolor et dolore amet ut dolore sit tempor nostrud ad ipsum sed ullamco enim ipsum enim lorem ',35),(170,'2021-08-13 02:36:48.868000','dolor adipiscing tempor tempor adipiscing consectetur do incididunt tempor tempor sit amet incididunt ',30),(171,'2019-09-09 09:10:13.640000','adipiscing consectetur sed dolor veniam tempor exercitation lorem minim ad ipsum ut eiusmod minim incididunt ullamco enim dolore ut ullamco labore laboris lorem labore incididunt dolore magna ad minim ',31),(172,'2021-09-01 21:04:20.890000','tempor elit ad lorem do ad aliqua tempor dolore ut do minim veniam dolore minim sit dolor labore labore incididunt elit elit consectetur dolor ',46),(173,'2023-03-21 22:21:33.010000','duis ullamco consectetur duis sit laboris laboris minim magna labore dolor enim magna lorem ut nostrud incididunt veniam commodo nostrud laboris ex ea elit exercitation et amet dolor aute ex et aute aliqua incididunt dolore consequat ex ut tempor ',42),(174,'2019-01-31 05:24:35.962000','sit dolor adipiscing dolor elit dolor tempor lorem ut consectetur tempor ut elit elit ',26),(175,'2020-02-15 12:59:25.668000','aliqua do dolore sed consectetur sit veniam ad sit enim aliqua veniam eiusmod sit labore sed do aliqua dolor ad minim sed incididunt elit ',42),(176,'2022-12-19 22:33:16.856000','sit lorem adipiscing sit sit sit adipiscing ',1),(177,'2020-01-30 06:23:23.074000','amet exercitation pariatur veniam nulla veniam consectetur laboris adipiscing ullamco sit exercitation aliquip commodo sed nulla in consequat magna dolore do elit dolore ut tempor lorem labore ut quis ut dolore duis esse dolore quis nostrud dolore ullamco ut in cillum labore sit commodo minim ad sed dolor magna aliqua elit dolore ',36),(178,'2022-07-12 12:33:27.422000','do sit ipsum elit dolore dolor do consectetur ipsum incididunt lorem dolor ut elit et ipsum eiusmod ',38),(179,'2020-05-06 07:48:18.580000','quis exercitation nisi ad sed laboris veniam amet ullamco lorem labore sed enim elit aliqua ex lorem eiusmod magna tempor adipiscing incididunt ea laboris quis dolore consectetur incididunt do minim consectetur nisi ut enim ipsum ',50),(180,'2021-05-18 22:50:22.076000','adipiscing ad aute irure incididunt ut exercitation in adipiscing nostrud aliquip ex incididunt dolor quis et enim dolor eiusmod tempor ad ipsum tempor irure aute adipiscing ut adipiscing in quis do nisi adipiscing in adipiscing consequat sit sit veniam adipiscing adipiscing ea ',16),(181,'2023-03-20 01:02:45.781000','dolor sit elit sit amet lorem consectetur lorem ',27);
/*!40000 ALTER TABLE `post` ENABLE KEYS */;
UNLOCK TABLES;

--
-- Table structure for table `user`
--

DROP TABLE IF EXISTS `user`;
/*!40101 SET @saved_cs_client     = @@character_set_client */;
/*!50503 SET character_set_client = utf8mb4 */;
CREATE TABLE `user` (
  `id` int NOT NULL,
  `datetime` datetime(6) DEFAULT NULL,
  `nameuser` varchar(255) DEFAULT NULL,
  PRIMARY KEY (`id`)
) ENGINE=InnoDB DEFAULT CHARSET=utf8mb4 COLLATE=utf8mb4_0900_ai_ci;
/*!40101 SET character_set_client = @saved_cs_client */;

--
-- Dumping data for table `user`
--

LOCK TABLES `user` WRITE;
/*!40000 ALTER TABLE `user` DISABLE KEYS */;
INSERT INTO `user` VALUES (1,'2023-02-10 12:32:48.642000','Jef Degroof'),(2,'2021-05-15 17:40:22.554000','Antoine Demeester'),(3,'2019-10-05 22:04:42.034000','Georges Cremer'),(4,'2022-01-31 03:13:55.304000','Jocelyn Eldo'),(5,'2020-10-26 05:01:57.528000','Claire Petit'),(6,'2023-03-13 11:27:39.867000','Jean Renolf'),(7,'2019-11-25 22:59:08.179000','Piet Harar'),(8,'2023-05-15 00:43:09.642000','Abib Legrand'),(9,'2019-12-16 19:06:32.700000','Geoffrey Renolds'),(10,'2021-04-21 16:08:40.860000','Rothilda Degroof'),(11,'2023-06-16 20:37:37.460000','Griet peters'),(12,'2023-05-23 02:53:28.918000','Mr Hugh O\'Connor'),(13,'2019-12-12 08:58:23.494000','Ms Alice Potter'),(14,'2019-07-08 08:14:28.474000','Mr Benjamin Wadlow'),(15,'2019-04-29 04:46:35.630000','Miss Wendy Preston'),(16,'2023-04-11 09:32:28.449000','Mr Patrick Farrell'),(17,'2022-06-09 02:50:49.080000','Ms Anthea Marshall'),(18,'2021-07-23 04:23:52.638000','Mr Zane Nixon'),(19,'2020-02-06 09:17:32.938000','Miss Anna Marshall'),(20,'2022-09-07 12:49:19.005000','Mr Matthew Simmons'),(21,'2020-12-17 03:16:18.481000','Miss Noreen Hadley'),(22,'2019-01-30 17:02:07.412000','Mr Ryan Hunt'),(23,'2022-03-28 20:32:07.710000','Miss Judy Lloyd'),(24,'2021-10-24 13:12:50.045000','Mr Vincent Nash'),(25,'2022-09-18 06:09:48.932000','Mrs Lydia Yarwood'),(26,'2020-04-07 00:00:05.111000','Mr Gordon Hogan'),(27,'2020-03-04 19:50:06.221000','Ms Megan Hallworth'),(28,'2022-12-08 08:03:47.034000','Mr Desmond Croner'),(29,'2022-08-19 12:08:03.215000','Mrs Cindy Adams'),(30,'2022-07-09 20:17:11.208000','Mr Clifford Salisbury'),(31,'2020-04-30 21:34:08.150000','Miss Melinda Chapel'),(32,'2019-04-23 01:49:52.800000','Mr Simon Ramsden'),(33,'2019-03-12 19:49:50.528000','Miss Lydia Eckard'),(34,'2019-09-23 15:07:42.471000','Mr Julian Farrow'),(35,'2022-04-15 23:34:56.424000','Mrs Sandra Walker'),(36,'2023-05-23 21:35:15.795000','Mr Eric Boyle'),(37,'2020-12-29 12:01:14.490000','Mrs Angela Barber'),(38,'2019-09-27 11:10:02.705000','Mr Desmond Jenkinson'),(39,'2021-06-15 00:57:14.708000','Miss Melinda Halsall'),(40,'2019-09-04 20:16:38.687000','Mr Albert Harper'),(41,'2019-05-04 21:00:45.849000','Ms Cheryl Macavoy'),(42,'2022-10-20 09:53:43.075000','Mr Conrad Lyons'),(43,'2023-05-02 16:13:20.718000','Ms Tracy Tasker'),(44,'2021-09-30 03:24:14.362000','Mr Jacob Hart'),(45,'2023-03-11 16:04:33.168000','Miss Emilia Dixon'),(46,'2023-02-19 07:48:10.943000','Mr Scott Purvis'),(47,'2021-03-12 06:28:53.863000','Miss Lisa Barber'),(48,'2020-06-14 21:26:07.797000','Mr Richard Popplewell'),(49,'2019-03-30 15:23:59.325000','Miss Diane Walker'),(50,'2023-02-17 13:55:37.594000','Mr David Doyle'),(51,'2021-03-04 23:28:14.354000','Miss Sandra Rathbone'),(52,'2022-03-16 20:52:38.371000','Mr Brendan Ratner'),(53,'2021-09-08 19:06:00.968000','Miss Jennifer Bainbridge'),(54,'2019-05-24 15:51:19.764000','Mr Desmond Tarbuck'),(55,'2020-06-28 16:05:53.417000','Ms Catherine Whittaker'),(56,'2021-12-14 03:41:12.034000','Mr Wayne Gibbs'),(57,'2022-11-25 15:54:14.429000','Ms Lena Wadlow'),(58,'2021-08-25 17:54:37.206000','Mr Barry Hanley'),(59,'2019-08-18 10:01:42.022000','Mrs Emilia O\'Brien'),(60,'2021-08-15 14:30:28.357000','Mr Colin Hamill'),(61,'2020-10-26 02:49:01.453000','Ms Angela Palmer');
/*!40000 ALTER TABLE `user` ENABLE KEYS */;
UNLOCK TABLES;
/*!40103 SET TIME_ZONE=@OLD_TIME_ZONE */;

/*!40101 SET SQL_MODE=@OLD_SQL_MODE */;
/*!40014 SET FOREIGN_KEY_CHECKS=@OLD_FOREIGN_KEY_CHECKS */;
/*!40014 SET UNIQUE_CHECKS=@OLD_UNIQUE_CHECKS */;
/*!40101 SET CHARACTER_SET_CLIENT=@OLD_CHARACTER_SET_CLIENT */;
/*!40101 SET CHARACTER_SET_RESULTS=@OLD_CHARACTER_SET_RESULTS */;
/*!40101 SET COLLATION_CONNECTION=@OLD_COLLATION_CONNECTION */;
/*!40111 SET SQL_NOTES=@OLD_SQL_NOTES */;

-- Dump completed on 2026-01-17 19:22:55
